date,home_team,away_team,home_score,away_score,tournament,city,country,neutral
2026-09-21,New Caledonia,Solomon Islands,0,2,Friendly,,,FALSE
2026-09-21,Fiji,Vanuatu,0,1,Friendly,,,FALSE
2026-09-21,Dominica,Anguilla,1,0,Friendly,,,FALSE
2026-09-23,Azerbaijan,Tajikistan,1,0,Friendly,Baku,,FALSE
2026-09-23,Gibraltar,São Tomé and Príncipe,0,0,Friendly,Gibraltar,,FALSE
2026-09-23,Turks and Caicos Islands,Montserrat,0,2,CONCACAF Nations League,,,FALSE
2026-09-23,Bahamas,Saint Martin,0,8,CONCACAF Nations League,,,FALSE
2026-09-23,Aruba,Antigua and Barbuda,1,0,CONCACAF Nations League,,,FALSE
2026-09-24,Solomon Islands,Vanuatu,3,3,Friendly,,,FALSE
2026-09-24,Papua New Guinea,New Caledonia,1,2,Friendly,,,FALSE
2026-09-24,Palestine,New Zealand,2,2,Friendly,Chongqing,,FALSE
2026-09-24,Japan,Uruguay,3,1,Friendly,Rifu,,FALSE
2026-09-24,South Korea,Ecuador,3,0,Friendly,Suwon,,FALSE
2026-09-24,China,Maldives,3,0,Friendly,,,FALSE
2026-09-24,Namibia,Congo,1,0,African Cup of Nations qualification,Gaborone,,FALSE
2026-09-24,Uzbekistan,Iran,3,1,Friendly,,,FALSE
2026-09-24,Andorra,Malta,1,2,UEFA Nations League,Andorra,,FALSE
2026-09-24,DR Congo,Equatorial Guinea,2,0,African Cup of Nations qualification,Kinshasa,,FALSE
2026-09-24,Libya,Botswana,2,2,African Cup of Nations qualification,Tripoli,,FALSE
2026-09-24,Mauritania,Central African Republic,3,1,African Cup of Nations qualification,Casablanca,,FALSE
2026-09-24,Netherlands,Germany,1,1,UEFA Nations League,Amsterdam,,FALSE
2026-09-24,Serbia,Greece,1,2,UEFA Nations League,Belgrade,,FALSE
2026-09-24,Portugal,Wales,1,0,UEFA Nations League,Lisbon,,FALSE
2026-09-24,Norway,Denmark,3,2,UEFA Nations League,Oslo,,FALSE
2026-09-24,Austria,Israel,3,1,UEFA Nations League,Linz,,FALSE
2026-09-24,Kosovo,Republic of Ireland,1,0,UEFA Nations League,Pristina,,FALSE
2026-09-24,Liechtenstein,Lithuania,0,2,UEFA Nations League,Vaduz,,FALSE
2026-09-24,Cameroon,Comoros,3,1,African Cup of Nations qualification,Garoua,,FALSE
2026-09-24,Ivory Coast,Ghana,2,0,African Cup of Nations qualification,,,FALSE
2026-09-24,Sierra Leone,Zimbabwe,2,3,African Cup of Nations qualification,El Jadida,,FALSE
2026-09-24,Tunisia,Uganda,1,1,African Cup of Nations qualification,,,FALSE
2026-09-24,Puerto Rico,Guyana,0,1,CONCACAF Nations League,,,FALSE
2026-09-25,Dominican Republic,Nicaragua,3,2,CONCACAF Nations League,,,FALSE
2026-09-25,Cayman Islands,Dominica,0,0,CONCACAF Nations League,,,FALSE
2026-09-25,Haiti,Trinidad and Tobago,3,2,CONCACAF Nations League,,,FALSE
2026-09-25,Costa Rica,Curaçao,3,4,CONCACAF Nations League,San Jose,,FALSE
2026-09-25,Australia,Brazil,1,1,Friendly,Townsville,,FALSE
2026-09-25,Mozambique,Senegal,1,1,African Cup of Nations qualification,Maputo,,FALSE
2026-09-25,Tanzania,Guinea-Bissau,0,2,African Cup of Nations qualification,Zanzibar,,FALSE
2026-09-25,India,Panama,1,1,Friendly,Bangalore,,FALSE
2026-09-25,Niger,Lesotho,2,1,African Cup of Nations qualification,Accra,,FALSE
2026-09-25,Georgia,Northern Ireland,0,1,UEFA Nations League,Tbilisi,,FALSE
2026-09-25,Armenia,Latvia,2,0,UEFA Nations League,Yerevan,,FALSE
2026-09-25,Gambia,Somalia,2,1,African Cup of Nations qualification,Bakau,,FALSE
2026-09-25,Malawi,South Sudan,2,1,African Cup of Nations qualification,Lilongwe,,FALSE
2026-09-25,Nigeria,Madagascar,2,1,African Cup of Nations qualification,Uyo,,FALSE
2026-09-25,Rwanda,Liberia,3,1,African Cup of Nations qualification,Kigali,,FALSE
2026-09-25,Sudan,Ethiopia,1,0,African Cup of Nations qualification,Juba,,FALSE
2026-09-25,Togo,Burundi,1,0,African Cup of Nations qualification,Lome,,FALSE
2026-09-25,Turkey,France,0,1,UEFA Nations League,Kocaeli,,FALSE
2026-09-25,Italy,Belgium,0,2,UEFA Nations League,Rome,,FALSE
2026-09-25,Hungary,Ukraine,0,1,UEFA Nations League,Budapest,,FALSE
2026-09-25,Poland,Bosnia and Herzegovina,0,0,UEFA Nations League,Warsaw,,FALSE
2026-09-25,Sweden,Romania,2,1,UEFA Nations League,Solna,,FALSE
2026-09-25,Montenegro,Cyprus,2,1,UEFA Nations League,Podgorica,,FALSE
2026-09-25,Algeria,Zambia,3,1,African Cup of Nations qualification,Kabylia,,FALSE
2026-09-25,Burkina Faso,Benin,1,1,African Cup of Nations qualification,Ouagadougou,,FALSE
2026-09-25,Egypt,Angola,0,0,African Cup of Nations qualification,Cairo,,FALSE
2026-09-25,Mali,Cape Verde,3,1,African Cup of Nations qualification,Balzers,,FALSE
2026-09-25,Morocco,Gabon,2,0,African Cup of Nations qualification,Rabat,,FALSE
2026-09-25,Bermuda,Guadeloupe,1,2,CONCACAF Nations League,,,FALSE
2026-09-25,Grenada,Cuba,0,3,CONCACAF Nations League,,,FALSE
2026-09-26,Barbados,Saint Lucia,2,0,CONCACAF Nations League,,,FALSE
2026-09-26,Bonaire,Saint Kitts and Nevis,1,2,CONCACAF Nations League,,,FALSE
2026-09-26,Jamaica,Guatemala,3,2,CONCACAF Nations League,,,FALSE
2026-09-26,Honduras,Suriname,2,3,CONCACAF Nations League,,,FALSE
2026-09-26,El Salvador,Martinique,3,1,CONCACAF Nations League,,,FALSE
2026-09-26,Slovenia,Scotland,0,0,UEFA Nations League,Ljubljana,,FALSE
2026-09-26,Kenya,Eritrea,1,1,African Cup of Nations qualification,Nairobi,,FALSE
2026-09-26,South Africa,Guinea,2,1,African Cup of Nations qualification,Johannesburg,,FALSE
2026-09-26,San Marino,Finland,0,7,UEFA Nations League,Serravalle,,FALSE
2026-09-26,Faroe Islands,Kazakhstan,1,1,UEFA Nations League,,,FALSE
2026-09-26,Iceland,Estonia,1,1,UEFA Nations League,Reykjavik,,FALSE
2026-09-26,Bulgaria,Luxembourg,1,2,UEFA Nations League,Gabrovo,,FALSE
2026-09-26,England,Spain,2,3,UEFA Nations League,London,,FALSE
2026-09-26,Czech Republic,Croatia,1,2,UEFA Nations League,Prague,,FALSE
2026-09-26,Albania,Belarus,2,0,UEFA Nations League,Tirana,,FALSE
2026-09-26,Slovakia,Moldova,2,0,UEFA Nations League,Prešov,,FALSE
2026-09-26,North Macedonia,Switzerland,0,3,UEFA Nations League,Skopje,,FALSE
2026-09-26,Montserrat,British Virgin Islands,3,0,CONCACAF Nations League,,,FALSE
2026-09-26,Saint Martin,United States Virgin Islands,0,2,CONCACAF Nations League,,,FALSE
2026-09-26,United States,Peru,4,1,Friendly,Orlando,,FALSE
2026-09-26,Saint Vincent and the Grenadines,French Guiana,2,1,CONCACAF Nations League,,,FALSE
2026-09-26,Canada,Chile,1,0,Friendly,Toronto,,FALSE
2026-09-26,Antigua and Barbuda,Anguilla,5,0,CONCACAF Nations League,,,FALSE
2026-09-27,Mexico,Colombia,1,1,Friendly,Baltimore,,FALSE
2026-09-27,Sint Maarten,Belize,0,1,CONCACAF Nations League,Belmopan,,FALSE
2026-09-27,Cook Islands,Tahiti,1,3,Friendly,,,FALSE
2026-09-27,Vanuatu,New Caledonia,4,1,Friendly,,,FALSE
2026-09-27,Fiji,Papua New Guinea,2,0,Friendly,,,FALSE
2026-09-27,China,New Zealand,0,3,Friendly,Chongqing,,FALSE
2026-09-27,Seychelles,Sri Lanka,0,3,Friendly,Victoria,,FALSE
2026-09-27,Lithuania,Azerbaijan,1,1,UEFA Nations League,Kaunas,,FALSE
2026-09-27,Serbia,Netherlands,1,2,UEFA Nations League,Belgrade,,FALSE
2026-09-27,Denmark,Wales,2,0,UEFA Nations League,Copenhagen,,FALSE
2026-09-27,Austria,Kosovo,3,1,UEFA Nations League,Vienna,,FALSE
2026-09-27,Gibraltar,Andorra,0,0,UEFA Nations League,Gibraltar,,FALSE
2026-09-27,Malta,Liechtenstein,2,0,Friendly,Ta' Qali,,FALSE
2026-09-27,Jordan,Syria,1,1,Friendly,Amman,,FALSE
2026-09-27,Germany,Greece,0,1,UEFA Nations League,Augsburg,,FALSE
2026-09-27,Norway,Portugal,1,2,UEFA Nations League,Oslo,,FALSE
2026-09-27,Israel,Republic of Ireland,0,3,UEFA Nations League,Debrecen,,FALSE
2026-09-27,Guyana,Cayman Islands,2,0,CONCACAF Nations League,Roseau,,FALSE
2026-09-27,Bolivia,Paraguay,0,2,Friendly,Washington,,FALSE
2026-09-27,Haiti,Costa Rica,2,0,CONCACAF Nations League,Kingston,,FALSE
2026-09-28,Curaçao,Nicaragua,6,1,CONCACAF Nations League,Willemstad,,FALSE
2026-09-28,Dominica,Puerto Rico,0,2,CONCACAF Nations League,Roseau,,FALSE
2026-09-28,Trinidad and Tobago,Dominican Republic,1,2,CONCACAF Nations League,Port of Spain,,FALSE
2026-09-28,Japan,Venezuela,2,1,Friendly,Hiroshima,,FALSE
2026-09-28,South Korea,Uruguay,1,4,Friendly,Seoul,,FALSE
2026-09-28,Tajikistan,Palestine,2,4,Friendly,,,FALSE
2026-09-28,Kyrgyzstan,Maldives,5,0,Friendly,,,FALSE
2026-09-28,Georgia,Ukraine,0,0,UEFA Nations League,Tbilisi,,FALSE
2026-09-28,Armenia,Montenegro,2,3,UEFA Nations League,Yerevan,,FALSE
2026-09-28,Latvia,Cyprus,0,0,UEFA Nations League,Riga,,FALSE
2026-09-28,Central African Republic,Burkina Faso,0,1,African Cup of Nations qualification,Bouake,,FALSE
2026-09-28,Equatorial Guinea,Sierra Leone,1,0,African Cup of Nations qualification,Yaounde,,FALSE
2026-09-28,Zimbabwe,DR Congo,1,2,African Cup of Nations qualification,Harare,,FALSE
2026-09-28,Belgium,France,0,1,UEFA Nations League,Brussels,,FALSE
2026-09-28,Turkey,Italy,1,4,UEFA Nations League,Bursa,,FALSE
2026-09-28,Northern Ireland,Hungary,0,0,UEFA Nations League,Budapest,,FALSE
2026-09-28,Sweden,Poland,3,1,UEFA Nations League,Solna,,FALSE
2026-09-28,Romania,Bosnia and Herzegovina,2,4,UEFA Nations League,Bucharest,,FALSE
2026-09-28,Guadeloupe,Barbados,2,2,CONCACAF Nations League,Gros Islet,,FALSE
2026-09-28,Cuba,Bonaire,2,0,CONCACAF Nations League,Basseterre,,FALSE
2026-09-28,Suriname,Martinique,2,1,CONCACAF Nations League,Paramaribo,,FALSE
