date,match_id,competition,market_state,dominant_signal,market_signal_score,confirmations,contradictions,source_quality,market_status,behavioral_signal,net_behavioral_edge,integration_status,logged_at_utc
2026-10-02,belgium_turkiye_20261002,UEFA Nations League,CALM,,0,,,,WATCH,LOW,LOW,WATCH,2026-10-02T17:54:37Z
2026-10-02,bosnia_herzegovina_sweden_20261002,UEFA Nations League,CALM,,0,,,,WATCH,LOW,LOW,WATCH,2026-10-02T17:54:37Z
2026-10-02,cyprus_armenia_20261002,UEFA Nations League,CALM,,0,,,,WATCH,LOW,LOW,WATCH,2026-10-02T17:54:37Z
2026-10-02,faroe_islands_slovakia_20261002,UEFA Nations League,CALM,,0,,,,WATCH,LOW,LOW,WATCH,2026-10-02T17:54:37Z
2026-10-02,france_italy_20261002,UEFA Nations League,CALM,,0,,,,WATCH,LOW,LOW,WATCH,2026-10-02T17:54:37Z
2026-10-02,hungary_georgia_20261002,UEFA Nations League,ACTIVE,SHARP,60,0,0,HIGH,WATCH,MED,LOW,CANDIDATE,2026-10-02T17:54:37Z
2026-10-02,kazakhstan_moldova_20261002,UEFA Nations League,CALM,,0,,,,WATCH,LOW,LOW,WATCH,2026-10-02T17:54:37Z
2026-10-02,latvia_montenegro_20261002,UEFA Nations League,CALM,,0,,,,WATCH,LOW,LOW,WATCH,2026-10-02T17:54:37Z
2026-10-02,poland_romania_20261002,UEFA Nations League,ACTIVE,SHARP,65,0,0,HIGH,WATCH,MED,LOW,CANDIDATE,2026-10-02T17:54:37Z
2026-10-02,ukraine_northern_ireland_20261002,UEFA Nations League,ACTIVE,SHARP,65,0,0,HIGH,WATCH,MED,LOW,CANDIDATE,2026-10-02T17:54:37Z
